iter	Accuracy	Logloss
0	0.5751265778	0.6926990761
50	0.5908864009	0.6711030446
